{
    "invalid_ratio": 0.001516300227445034,
    "correct_count": 1176,
    "wrong_count": 143,
    "accuracy": 0.8915845337376801
}