{
    "invalid_ratio": 0.0037907505686125853,
    "correct_count": 728,
    "wrong_count": 591,
    "accuracy": 0.5519332827899924
}