{
    "accuracy": 0.8476118271417741,
    "total_questions": 1319,
    "average_completion_tokens": 477.235026535254
}