{
    "accuracy": 0.8248673237300985,
    "total_questions": 1319,
    "average_completion_tokens": 414.33737680060653
}