{
    "average_accuracy": 0.821076573161486,
    "average_accuracy_std": 0.004834755236216553,
    "average_completion_tokens": 413.41672984584284,
    "average_completion_tokens_std": 2.1927242992971663
}