{
    "accuracy": 0.824109173616376,
    "total_questions": 1319,
    "average_completion_tokens": 415.5208491281274
}