{
    "accuracy": 0.8142532221379833,
    "total_questions": 1319,
    "average_completion_tokens": 410.3919636087945
}