{
    "accuracy": 0.8605003790750568,
    "total_questions": 1319,
    "average_completion_tokens": 479.23957543593633
}