{
    "accuracy": 0.8612585291887794,
    "total_questions": 1319,
    "average_completion_tokens": 477.46398786959816
}