{
    "average_accuracy": 0.8564569118018701,
    "average_accuracy_std": 0.006262073132860185,
    "average_completion_tokens": 477.9795299469295,
    "average_completion_tokens_std": 0.8958764047683564
}