{
    "invalid_ratio": 0.000758150113722517,
    "correct_count": 1174,
    "wrong_count": 145,
    "accuracy": 0.890068233510235
}