{
    "invalid_ratio": 0.000758150113722517,
    "correct_count": 1021,
    "wrong_count": 298,
    "accuracy": 0.7740712661106899
}