{
    "invalid_ratio": 0.000758150113722517,
    "correct_count": 1133,
    "wrong_count": 186,
    "accuracy": 0.8589840788476119
}