{
    "invalid_ratio": 0.002274450341167551,
    "correct_count": 1194,
    "wrong_count": 125,
    "accuracy": 0.9052312357846853
}