{
    "invalid_ratio": 0.002274450341167551,
    "correct_count": 991,
    "wrong_count": 328,
    "accuracy": 0.7513267626990144
}