{
    "invalid_ratio": 0.001516300227445034,
    "correct_count": 929,
    "wrong_count": 390,
    "accuracy": 0.7043214556482184
}