{
    "invalid_ratio": 0.002274450341167551,
    "correct_count": 630,
    "wrong_count": 689,
    "accuracy": 0.47763457164518575
}