{
    "accuracy": 0.41414141414141414,
    "total_questions": 198,
    "completion_tokens": 2005.6313131313132
}