{
    "average_accuracy": 0.3922558922558923,
    "average_accuracy_std": 0.03095080187011823,
    "average_completion_tokens": 2006.2962962962963,
    "average_completion_tokens_std": 2.233565833803428
}