{
    "accuracy": 0.43434343434343436,
    "total_questions": 198,
    "completion_tokens": 1963.020202020202
}