{
    "accuracy": 0.3484848484848485,
    "total_questions": 198,
    "completion_tokens": 1984.0757575757575
}