{
    "average_accuracy": 0.3872053872053873,
    "average_accuracy_std": 0.035553387343338176,
    "average_completion_tokens": 1975.1919191919194,
    "average_completion_tokens_std": 8.904744620373553
}