{
    "accuracy": 0.398989898989899,
    "total_questions": 198,
    "completion_tokens": 1974.5707070707072
}