{
    "invalid_ratio": 0.001516300227445034,
    "correct_count": 1113,
    "wrong_count": 206,
    "accuracy": 0.8438210765731615
}