{
    "accuracy": 0.849128127369219,
    "total_questions": 1319,
    "average_completion_tokens": 478.6861258529189
}